"ID","Decision (Yay/Nay)","Your notes","Priority","Category","Game function","Slot","Choice","Candidate","Why this candidate","Listen for","Proposed use after approval","Pack","License provenance","Source path","Assessment"
"A001","","","First pass","Music","Main menu and Settings","title_theme","Existing selection; review reference","04.1 War Dance (action - cinematic) JAP.wav","Previously selected menu identity. Keep as the reference for this review.","Comfort at menu volume and whole-track loop seam.","Loop; existing menu gain -10 dB","Epic Asian","Paid; Tao & Sound EULA.txt and purchase invoice","D:\Projects\one-more-turn\vendor\audio\epicasianaudiobundle\Epic Asian Audio Bundle\WAV\Music\JAP\04.1 War Dance (action - cinematic) JAP.wav","Filename/context proposal; not audibly verified"
"A002","","","First pass","Music","Quiet overworld planning and travel","exploration_loop","First choice","01.2 Spirit (travel - cinematic) JAP.wav","Japanese travel/cinematic label directly matches overworld exploration.","Can it stay interesting without tiring during long decisions?","Loop; quiet background; confirm seamless edit","Epic Asian","Paid; Tao & Sound EULA.txt and purchase invoice","D:\Projects\one-more-turn\vendor\audio\epicasianaudiobundle\Epic Asian Audio Bundle\WAV\Music\JAP\01.2 Spirit (travel - cinematic) JAP.wav","Filename/context proposal; not audibly verified"
"A003","","","First pass","Music","Quiet overworld planning and travel","exploration_loop","Alternative","Eastern Koto Intensity 1.wav","Koto-led title and lower-intensity variant are worth comparing for a restrained board mood.","Instrumentation, intensity and repeat fatigue; title alone does not establish mood.","Loop after seam review; choose instead of A002","Eastern Music","Paid; bundled Ovani royalty-free license link","D:\Projects\one-more-turn\vendor\audio\easternmusicpack\Eastern Music Pack\Koto (RT 5.387)\Eastern Koto Intensity 1.wav","Filename/context proposal; not audibly verified"
"A004","","","Later","Music","Village and safe-site atmosphere","village_music","First choice","05.2 Through Nippon (village - travel) JAP.wav","Explicit village/travel version offers contrast to hunted-state music.","Warmth without sounding like a separate game.","Optional contextual loop; avoid restarting for every card","Epic Asian","Paid; Tao & Sound EULA.txt and purchase invoice","D:\Projects\one-more-turn\vendor\audio\epicasianaudiobundle\Epic Asian Audio Bundle\WAV\Music\JAP\05.2 Through Nippon (village - travel) JAP.wav","Filename/context proposal; not audibly verified"
"A005","","","First pass","Music","Detected or hunted state","tension_loop","First choice","02.3 Bushido (duel - tense) JAP.wav","Tense duel designation suits sustained danger.","Tension without constant climax or distracting percussion.","Loop while danger state persists; transitions later","Epic Asian","Paid; Tao & Sound EULA.txt and purchase invoice","D:\Projects\one-more-turn\vendor\audio\epicasianaudiobundle\Epic Asian Audio Bundle\WAV\Music\JAP\02.3 Bushido (duel - tense) JAP.wav","Filename/context proposal; not audibly verified"
"A006","","","First pass","Music","Detected or hunted state","tension_loop","Alternative","03.2 Samurai Riders (tense - duel) JAP.wav","Second explicitly tense Japanese candidate.","Compare with Bushido for the less fatiguing loop.","Choose one danger loop initially","Epic Asian","Paid; Tao & Sound EULA.txt and purchase invoice","D:\Projects\one-more-turn\vendor\audio\epicasianaudiobundle\Epic Asian Audio Bundle\WAV\Music\JAP\03.2 Samurai Riders (tense - duel) JAP.wav","Filename/context proposal; not audibly verified"
"A007","","","Later","Music","Extended battle-card decision","battle_music","First choice","02.2 Bushido (battle - action) JAP.wav","Battle/action label fits a larger confrontation.","Does a full track overwhelm a short card interaction?","Only if encounter stays open long enough; otherwise use the draw cue","Epic Asian","Paid; Tao & Sound EULA.txt and purchase invoice","D:\Projects\one-more-turn\vendor\audio\epicasianaudiobundle\Epic Asian Audio Bundle\WAV\Music\JAP\02.2 Bushido (battle - action) JAP.wav","Filename/context proposal; not audibly verified"
"A008","","","Later","Music","Successful campaign summary","victory_music","First choice","01.3 Spirit (epic - cinematic) JAP.wav","Epic variant could provide a larger conclusion to the exploration theme.","Does it resolve triumphantly? Not confirmed by listening.","Summary background or selected ending excerpt; not an 8-second ready-made sting","Epic Asian","Paid; Tao & Sound EULA.txt and purchase invoice","D:\Projects\one-more-turn\vendor\audio\epicasianaudiobundle\Epic Asian Audio Bundle\WAV\Music\JAP\01.3 Spirit (epic - cinematic) JAP.wav","Filename/context proposal; not audibly verified"
"A009","","","Later","Music","Campaign loss summary","defeat_music","First choice","06.2 Ronin (arcade - story) JAP.wav","Story variant is a candidate for reflective loss; mood is unconfirmed.","Reject if upbeat or arcade-like rather than reflective.","Only after mood audition; fade as summary background","Epic Asian","Paid; Tao & Sound EULA.txt and purchase invoice","D:\Projects\one-more-turn\vendor\audio\epicasianaudiobundle\Epic Asian Audio Bundle\WAV\Music\JAP\06.2 Ronin (arcade - story) JAP.wav","Filename/context proposal; not audibly verified"
"A010","","","First pass","UI","Ordinary button press","ui_click","First choice","click1.ogg","Dedicated click keeps ordinary actions unobtrusive.","Short and comfortable after 30 repeated clicks.","One-shot; audition original first","Kenney UI","CC0; bundled License.txt","D:\Projects\one-more-turn\vendor\audio\kenney-ui-audio\Audio\click1.ogg","Filename/context proposal; not audibly verified"
"A011","","","First pass","UI","Ordinary button press","ui_click","Alternative","Button01.wav","In-pack button offers a comparison against the neutral Kenney sound.","Does it fit the paper/tabletop aesthetic?","One-shot; audition original first","Epic Asian","Paid; Tao & Sound EULA.txt and purchase invoice","D:\Projects\one-more-turn\vendor\audio\epicasianaudiobundle\Epic Asian Audio Bundle\WAV\SFX\Misc\Button01.wav","Filename/context proposal; not audibly verified"
"A012","","","Optional","UI","Keyboard focus or pointer enters a control","ui_hover","First choice","rollover1.ogg","Dedicated rollover cue for optional navigation feedback.","Barely audible; reject if busy when crossing many cards.","Optional and quiet; once per focus change","Kenney UI","CC0; bundled License.txt","D:\Projects\one-more-turn\vendor\audio\kenney-ui-audio\Audio\rollover1.ogg","Filename/context proposal; not audibly verified"
"A013","","","First pass","UI","Accept a choice or save Settings with Done","ui_confirm","First choice","switch2.ogg","Switch family can distinguish commitment from a plain click.","Must feel decisive and differ from deny.","One-shot; audition original first","Kenney UI","CC0; bundled License.txt","D:\Projects\one-more-turn\vendor\audio\kenney-ui-audio\Audio\switch2.ogg","Filename/context proposal; not audibly verified"
"A014","","","First pass","UI","Blocked movement or invalid choice","ui_deny","First choice","switch3.ogg","Separate switch candidate for rejection; actual pitch/mood needs audition.","Choose the duller/lower response; swap if it sounds affirmative.","One-shot; audition original first","Kenney UI","CC0; bundled License.txt","D:\Projects\one-more-turn\vendor\audio\kenney-ui-audio\Audio\switch3.ogg","Filename/context proposal; not audibly verified"
"A015","","","First pass","UI","Open event card or journal","panel_open","First choice","ScrollOpen1.mp3","Literal scroll handling fits the written-card presentation.","Paper texture rather than a long theatrical flourish.","Short one-shot; MP3 needs start-padding check when converted","Inventory SFX","Paid; bundled GameDev Market Read Me","D:\Projects\one-more-turn\vendor\audio\inventorysfx\inventorysfxbundle\Assets\Books & Scrolls\ScrollOpen1.mp3","Filename/context proposal; not audibly verified"
"A016","","","First pass","UI","Open event card or journal","panel_open","Alternative","bookOpen.ogg","CC0 paper alternative already suggested in the shopping list.","Compare with scroll for the cleaner onset.","One-shot; audition original first","Kenney RPG","CC0; bundled License.txt","D:\Projects\one-more-turn\vendor\audio\kenney-rpg-audio\Audio\bookOpen.ogg","Filename/context proposal; not audibly verified"
"A017","","","First pass","UI","Close event card or journal","panel_close","First choice","ScrollClose1.mp3","Matched scroll close complements the opening choice.","Keep shorter/quieter than opening.","One-shot; pair with approved opening family","Inventory SFX","Paid; bundled GameDev Market Read Me","D:\Projects\one-more-turn\vendor\audio\inventorysfx\inventorysfxbundle\Assets\Books & Scrolls\ScrollClose1.mp3","Filename/context proposal; not audibly verified"
"A018","","","First pass","UI","Close event card or journal","panel_close","Alternative","bookClose.ogg","Matching close if the Kenney opening wins.","Consistent material with bookOpen.","One-shot; audition original first","Kenney RPG","CC0; bundled License.txt","D:\Projects\one-more-turn\vendor\audio\kenney-rpg-audio\Audio\bookClose.ogg","Filename/context proposal; not audibly verified"
"A019","","","First pass","UI","Journal tab change or next report page","page_turn","First choice","bookFlip1.ogg","Page flip expresses browsing without a generic beep.","Soft transient; no conspicuous binding creak.","One-shot; audition original first","Kenney RPG","CC0; bundled License.txt","D:\Projects\one-more-turn\vendor\audio\kenney-rpg-audio\Audio\bookFlip1.ogg","Filename/context proposal; not audibly verified"
"A020","","","First pass","UI","Journal tab change or next report page","page_turn","Alternative","TurnPage1.mp3","Dedicated page sample offers another paper texture.","Compare crispness with bookFlip1.","One-shot; audition original first","Inventory SFX","Paid; bundled GameDev Market Read Me","D:\Projects\one-more-turn\vendor\audio\inventorysfx\inventorysfxbundle\Assets\Books & Scrolls\TurnPage1.mp3","Filename/context proposal; not audibly verified"
"A021","","","First pass","UI","Site action card settles on table","card_place","First choice","bookPlace1.ogg","Small physical placement reinforces the tabletop.","Should feel card-sized, not like dropping a heavy book.","Once when dealt/settled; never on hover animation","Kenney RPG","CC0; bundled License.txt","D:\Projects\one-more-turn\vendor\audio\kenney-rpg-audio\Audio\bookPlace1.ogg","Filename/context proposal; not audibly verified"
"A022","","","First pass","UI","End Turn is accepted","turn_advance","First choice","wooden_01.ogg","Wooden impact can give the main verb a tactile stamp.","Weightier than confirm without sounding like damage.","Once per accepted End Turn; avoid extra confirm/click layering","100 CC0","CC0 pack; bundled credits.txt identifies source","D:\Projects\one-more-turn\vendor\audio\100-CC0-SFX\wooden_01.ogg","Filename/context proposal; not audibly verified"
"A023","","","First pass","UI","End Turn is accepted","turn_advance","Alternative","KanjiCaligraphy01.wav","Calligraphy sound could express committing the next written turn.","Is the stroke brief and final enough?","One-shot; audition original first","Epic Asian","Paid; Tao & Sound EULA.txt and purchase invoice","D:\Projects\one-more-turn\vendor\audio\epicasianaudiobundle\Epic Asian Audio Bundle\WAV\SFX\Misc\KanjiCaligraphy01.wav","Filename/context proposal; not audibly verified"
"A024","","","First pass","Movement","Move one hex onto grass or forest","march_grass","First choice","FootstepGrass01.wav","Named grass recording directly matches soft terrain.","One compact step; check how it repeats.","One-shot; audition original first","Nature","CC0 per shopping list; bundled credits.txt identifies source","D:\Projects\one-more-turn\vendor\audio\nature_sounds_pack\Footstep\FootstepGrass01.wav","Filename/context proposal; not audibly verified"
"A025","","","First pass","Movement","Move one hex onto grass or forest","march_grass","Variation","FootstepGrass03.wav","Second exact grass sample for natural repetition.","Similar level and material to Grass01.","Approve independently; random pool only from approved variants","Nature","CC0 per shopping list; bundled credits.txt identifies source","D:\Projects\one-more-turn\vendor\audio\nature_sounds_pack\Footstep\FootstepGrass03.wav","Filename/context proposal; not audibly verified"
"A026","","","First pass","Movement","Move one hex onto beach or sand","march_sand","First choice","footstep00.ogg","Shopping-list fallback; terrain is not named in this pack.","Must sound soft/granular. Reject if hard-soled or stone-like.","One-shot; audition original first","Kenney RPG","CC0; bundled License.txt","D:\Projects\one-more-turn\vendor\audio\kenney-rpg-audio\Audio\footstep00.ogg","Filename/context proposal; not audibly verified"
"A027","","","First pass","Movement","Move one hex onto hard terrain","march_stone","First choice","StepSamurai01.wav","Character step candidate for the armoured party.","Ground material is unconfirmed; reject if unsuitable for stone.","One-shot; audition original first","Epic Asian","Paid; Tao & Sound EULA.txt and purchase invoice","D:\Projects\one-more-turn\vendor\audio\epicasianaudiobundle\Epic Asian Audio Bundle\WAV\SFX\Character\StepSamurai01.wav","Filename/context proposal; not audibly verified"
"A028","","","First pass","Movement","Move one hex onto hard terrain","march_stone","Alternative","footstep04.ogg","Second footstep family to compare for a harder ground sound.","Choose by actual surface sound, not the number.","One-shot; audition original first","Kenney RPG","CC0; bundled License.txt","D:\Projects\one-more-turn\vendor\audio\kenney-rpg-audio\Audio\footstep04.ogg","Filename/context proposal; not audibly verified"
"A029","","","Later","Movement","Move one hex while sneaking","march_sneak","First choice","StepNinja01.wav","Ninja step label offers a distinct stealth candidate.","Quieter than normal march without becoming inaudible.","One-shot; audition original first","Epic Asian","Paid; Tao & Sound EULA.txt and purchase invoice","D:\Projects\one-more-turn\vendor\audio\epicasianaudiobundle\Epic Asian Audio Bundle\WAV\SFX\Character\StepNinja01.wav","Filename/context proposal; not audibly verified"
"A030","","","Optional","Movement","Party moves through dense foliage","forest_rustle","First choice","Foliage01.wav","Foliage texture can complement a forest step.","Avoid doubling the perceived number of steps.","Occasional quiet layer; not every movement","Nature","CC0 per shopping list; bundled credits.txt identifies source","D:\Projects\one-more-turn\vendor\audio\nature_sounds_pack\Foliage\Foliage01.wav","Filename/context proposal; not audibly verified"
"A031","","","First pass","Battle","Battle/encounter card opens","encounter_open","First choice","KatanaUnseathe01.wav","Explicit katana draw is a strong thematic upgrade over generic panel opening.","Clean blade draw; brief enough to leave room for reading.","One-shot; audition original first","Epic Asian","Paid; Tao & Sound EULA.txt and purchase invoice","D:\Projects\one-more-turn\vendor\audio\epicasianaudiobundle\Epic Asian Audio Bundle\WAV\SFX\Weapons\KatanaUnseathe01.wav","Filename/context proposal; not audibly verified"
"A032","","","First pass","Battle","Battle/encounter card opens","encounter_open","Alternative","drawKnife1.ogg","Smaller CC0 draw if katana is too dramatic.","Does it announce danger clearly without startling?","One-shot; audition original first","Kenney RPG","CC0; bundled License.txt","D:\Projects\one-more-turn\vendor\audio\kenney-rpg-audio\Audio\drawKnife1.ogg","Filename/context proposal; not audibly verified"
"A033","","","First pass","Battle","Fight resolves on encounter card","sword_clash","First choice","KatanaClash01.wav","Direct sword collision instead of improvised generic metal.","Convincing metal impact without piercing treble.","One resolution accent; do not imply a real-time combat sequence","Epic Asian","Paid; Tao & Sound EULA.txt and purchase invoice","D:\Projects\one-more-turn\vendor\audio\epicasianaudiobundle\Epic Asian Audio Bundle\WAV\SFX\Weapons\KatanaClash01.wav","Filename/context proposal; not audibly verified"
"A034","","","First pass","Battle","Fight resolves on encounter card","sword_clash","Variation","KatanaClash03.wav","Second clash for variation after approval.","Comparable loudness and weight.","One-shot; audition original first","Epic Asian","Paid; Tao & Sound EULA.txt and purchase invoice","D:\Projects\one-more-turn\vendor\audio\epicasianaudiobundle\Epic Asian Audio Bundle\WAV\SFX\Weapons\KatanaClash03.wav","Filename/context proposal; not audibly verified"
"A035","","","First pass","Battle","Ranged or ambush resolution when supported","bow_release","First choice","BowShot01.wav","Actual bow shot fills the shopping-list gap.","String release and short flight; no modern firearm impression.","One-shot; audition original first","Epic Asian","Paid; Tao & Sound EULA.txt and purchase invoice","D:\Projects\one-more-turn\vendor\audio\epicasianaudiobundle\Epic Asian Audio Bundle\WAV\SFX\Weapons\BowShot01.wav","Filename/context proposal; not audibly verified"
"A036","","","Later","Battle","Ranged impact on resolved hit","bow_impact","First choice","ImpactArrow01.wav","Optional impact to follow an approved bow release.","Does it sound like the intended target material?","Only on an actual resolved hit; no invented hit timing","Epic Asian","Paid; Tao & Sound EULA.txt and purchase invoice","D:\Projects\one-more-turn\vendor\audio\epicasianaudiobundle\Epic Asian Audio Bundle\WAV\SFX\Weapons\ImpactArrow01.wav","Filename/context proposal; not audibly verified"
"A037","","","Later","Battle","Major encounter reveal","battle_sting","First choice","Stinger1.wav","Purpose-made stinger family is a better audition starting point than cutting a whole song.","Numbered file has no mood label: verify danger, length and ending.","Tentative assignment; use instead of layering over every blade draw","Epic Asian","Paid; Tao & Sound EULA.txt and purchase invoice","D:\Projects\one-more-turn\vendor\audio\epicasianaudiobundle\Epic Asian Audio Bundle\WAV\SFX\Stingers\Stinger1.wav","Filename/context proposal; not audibly verified"
"A038","","","Later","Outcomes","Successful extraction or campaign win","victory_sting","First choice","Stinger10.wav","Candidate from dedicated stinger bank; mood unknown.","Must sound victorious; if not, mark Nay and describe mood.","Tentative assignment; one-shot on result reveal","Epic Asian","Paid; Tao & Sound EULA.txt and purchase invoice","D:\Projects\one-more-turn\vendor\audio\epicasianaudiobundle\Epic Asian Audio Bundle\WAV\SFX\Stingers\Stinger10.wav","Filename/context proposal; not audibly verified"
"A039","","","Later","Outcomes","Campaign lost or terminal defeat","defeat_sting","First choice","Stinger16.wav","Candidate from dedicated stinger bank; mood unknown.","Must sound conclusive and sombre, not triumphant.","Tentative assignment; one-shot on result reveal","Epic Asian","Paid; Tao & Sound EULA.txt and purchase invoice","D:\Projects\one-more-turn\vendor\audio\epicasianaudiobundle\Epic Asian Audio Bundle\WAV\SFX\Stingers\Stinger16.wav","Filename/context proposal; not audibly verified"
"A040","","","First pass","Outcomes","Positive event result or morale-band improvement","event_chime_good","First choice","bell_01.ogg","Bell offers a compact positive outcome cue.","Warm, brief and distinct from the snap-back bell.","One-shot; audition original first","100 CC0","CC0 pack; bundled credits.txt identifies source","D:\Projects\one-more-turn\vendor\audio\100-CC0-SFX\bell_01.ogg","Filename/context proposal; not audibly verified"
"A041","","","First pass","Outcomes","Negative event result or morale-band decline","event_chime_bad","First choice","gong_02.ogg","Gong can suggest an omen rather than a harsh error buzzer.","Keep distinct from the clock and snap-back identities.","One-shot; audition original first","100 CC0","CC0 pack; bundled credits.txt identifies source","D:\Projects\one-more-turn\vendor\audio\100-CC0-SFX\gong_02.ogg","Filename/context proposal; not audibly verified"
"A042","","","First pass","Resources","Bribe paid or loot received","coin","First choice","CoinBag1.mp3","Coin bag implies a transaction rather than a menu action.","Amount feels modest; not an arcade jackpot.","One-shot; audition original first","Inventory SFX","Paid; bundled GameDev Market Read Me","D:\Projects\one-more-turn\vendor\audio\inventorysfx\inventorysfxbundle\Assets\Coins\CoinBag1.mp3","Filename/context proposal; not audibly verified"
"A043","","","First pass","Resources","Bribe paid or loot received","coin","Alternative","handleCoins.ogg","CC0 coin handling comparison.","Compare subtlety and onset.","One-shot; audition original first","Kenney RPG","CC0; bundled License.txt","D:\Projects\one-more-turn\vendor\audio\kenney-rpg-audio\Audio\handleCoins.ogg","Filename/context proposal; not audibly verified"
"A044","","","Later","Resources","Supplies acquired or consumed through a site action","supplies","First choice","BagOpen1.mp3","Bag handling can make supply transactions tangible.","No modern zipper or exaggerated rummaging.","One cue on accepted action; not every passive resource tick","Inventory SFX","Paid; bundled GameDev Market Read Me","D:\Projects\one-more-turn\vendor\audio\inventorysfx\inventorysfxbundle\Assets\Bags\BagOpen1.mp3","Filename/context proposal; not audibly verified"
"A045","","","Later","Resources","Herbs applied or healing action resolves","healing","First choice","Herb1.mp3","Herb handling fits grounded recovery better than a magic potion.","Does it read as handling rather than a magical power-up?","One-shot; audition original first","Inventory SFX","Paid; bundled GameDev Market Read Me","D:\Projects\one-more-turn\vendor\audio\inventorysfx\inventorysfxbundle\Assets\Food & Herbs\Herb1.mp3","Filename/context proposal; not audibly verified"
"A046","","","Later","Loop","Talisman charge gained or activated","talisman_charge","First choice","Rune1.mp3","Rune sample is a candidate for an uncanny object interaction.","Avoid generic RPG sparkle if it clashes with the storm identity.","One-shot; audition original first","Inventory SFX","Paid; bundled GameDev Market Read Me","D:\Projects\one-more-turn\vendor\audio\inventorysfx\inventorysfxbundle\Assets\Jewels & Runes\Rune1.mp3","Filename/context proposal; not audibly verified"
"A047","","","Later","Loop","Talisman interaction window remains open","talisman_hum","First choice","QiLoad01.wav","Energy-loading candidate for the old hum gap, but not a proven loop.","Sustained middle, clicks, tonal fatigue; reject if only a short attack.","Requires an approved sustained edit; otherwise use charge one-shot and leave hum silent","Epic Asian","Paid; Tao & Sound EULA.txt and purchase invoice","D:\Projects\one-more-turn\vendor\audio\epicasianaudiobundle\Epic Asian Audio Bundle\WAV\SFX\Character\QiLoad01.wav","Filename/context proposal; not audibly verified"
"A048","","","First pass","Loop","Snap-back begins","storm_sting","First choice","AmbientNatureStormRainThunder02.wav","Real storm source from the existing two-part snap-back design.","Find a convincing thunder hit; record preferred timestamp in Your notes.","Excerpt required; then bell; do not play full ambient recording as a sting","Nature","CC0 per shopping list; bundled credits.txt identifies source","D:\Projects\one-more-turn\vendor\audio\nature_sounds_pack\Ambient\AmbientNatureStormRainThunder02.wav","Filename/context proposal; not audibly verified"
"A049","","","First pass","Loop","Snap-back settles into the restored loop","temple_bell","First choice","Gong01.wav","Gong gives the restored loop a resonant identity.","Decay, low-end weight and whether it reads as the desired temple bell.","One resonant tail after storm; avoid abrupt cut","Epic Asian","Paid; Tao & Sound EULA.txt and purchase invoice","D:\Projects\one-more-turn\vendor\audio\epicasianaudiobundle\Epic Asian Audio Bundle\WAV\SFX\Misc\Gong01.wav","Filename/context proposal; not audibly verified"
"A050","","","First pass","Loop","Snap-back settles into the restored loop","temple_bell","Alternative","gong_01.ogg","CC0 comparison from the shopping list.","Compare resonance and emotional weight.","One-shot; audition original first","100 CC0","CC0 pack; bundled credits.txt identifies source","D:\Projects\one-more-turn\vendor\audio\100-CC0-SFX\gong_01.ogg","Filename/context proposal; not audibly verified"
"A051","","","First pass","Loop","Loop clock enters its warning band","clock_warning","First choice","Gong03.wav","Real gong candidate replaces the proposed pitched-down generic hit.","Must differ from snap-back and negative-outcome cues.","Once on band entry, not every turn","Epic Asian","Paid; Tao & Sound EULA.txt and purchase invoice","D:\Projects\one-more-turn\vendor\audio\epicasianaudiobundle\Epic Asian Audio Bundle\WAV\SFX\Misc\Gong03.wav","Filename/context proposal; not audibly verified"
"A052","","","Later","Loop","Start replaying a verified command route","retrace_start","First choice","ScrollOpen3.mp3","Opening an archive scroll could distinguish retrace from a destructive snap-back.","Brief archival/paper character.","Start only; suppress per-command audio spam during fast replay","Inventory SFX","Paid; bundled GameDev Market Read Me","D:\Projects\one-more-turn\vendor\audio\inventorysfx\inventorysfxbundle\Assets\Books & Scrolls\ScrollOpen3.mp3","Filename/context proposal; not audibly verified"
"A053","","","Optional","World tells","Authored beast proximity reveal","beast_tell","First choice","howl.ogg","Existing shopping-list beast-region suggestion.","Natural distance and mood; not a cartoon wolf.","Only with a player-visible authored tell; do not leak hidden state","Creature CC0","CC0 pack; bundled credits.txt identifies source","D:\Projects\one-more-turn\vendor\audio\80-CC0-creature-SFX\howl.ogg","Filename/context proposal; not audibly verified"
"A054","","","Optional","Battle","Confirmed yokai encounter card opens","yokai_encounter","First choice","monster_01.ogg","Creature family offers contrast to human blade draws.","Reject cartoon or science-fiction character.","Only for matching encounter content; replaces human draw","Creature CC0","CC0 pack; bundled credits.txt identifies source","D:\Projects\one-more-turn\vendor\audio\80-CC0-creature-SFX\monster_01.ogg","Filename/context proposal; not audibly verified"
"A055","","","First pass","Ambience","Quiet base ambience during a run","ambient_overworld","First choice","AmbientNatureOutside.wav","Shopping-list base-world recording.","Noise floor and bird repetition over several minutes.","Quiet bed; loop seam review; independent of music","Nature","CC0 per shopping list; bundled credits.txt identifies source","D:\Projects\one-more-turn\vendor\audio\nature_sounds_pack\Ambient\AmbientNatureOutside.wav","Filename/context proposal; not audibly verified"
"A056","","","First pass","Ambience","Quiet base ambience during a run","ambient_overworld","Alternative","Amb__BambooForest_Day.wav","Japanese bamboo setting offers a more specific woodland alternative.","Bird density and whether it suits non-forest tiles.","Quiet bed; choose one base initially","Epic Asian","Paid; Tao & Sound EULA.txt and purchase invoice","D:\Projects\one-more-turn\vendor\audio\epicasianaudiobundle\Epic Asian Audio Bundle\WAV\Ambience\Amb__BambooForest_Day.wav","Filename/context proposal; not audibly verified"
"A057","","","Later","Ambience","Wreck beach or coastal adjacency","ambient_coast","First choice","Amb__Sea_Calm.wav","Actual calm sea fills the shopping-list surf gap.","Surf rhythm; avoid implying the listener is aboard a ship.","Contextual loop; seam review","Epic Asian","Paid; Tao & Sound EULA.txt and purchase invoice","D:\Projects\one-more-turn\vendor\audio\epicasianaudiobundle\Epic Asian Audio Bundle\WAV\Ambience\Amb__Sea_Calm.wav","Filename/context proposal; not audibly verified"
"A058","","","Later","Ambience","Mountain or exposed ridge","ambient_wind_ridge","First choice","Amb__Cliff.wav","Cliff-labelled ambience directly addresses the old ridge gap.","Check for wind and unwanted location-specific wildlife.","Contextual loop; low level","Epic Asian","Paid; Tao & Sound EULA.txt and purchase invoice","D:\Projects\one-more-turn\vendor\audio\epicasianaudiobundle\Epic Asian Audio Bundle\WAV\Ambience\Amb__Cliff.wav","Filename/context proposal; not audibly verified"
"A059","","","Later","Ambience","River-adjacent tile","river_ambient","First choice","RiverSmallLoop.wav","Explicit small-river loop instead of repurposing a large waterfall.","Water scale and audible loop seam.","Loop while nearby; fade between terrain contexts","Epic Asian","Paid; Tao & Sound EULA.txt and purchase invoice","D:\Projects\one-more-turn\vendor\audio\epicasianaudiobundle\Epic Asian Audio Bundle\WAV\SFX\Misc\RiverSmallLoop.wav","Filename/context proposal; not audibly verified"
"A060","","","Later","Ambience","River-adjacent tile","river_ambient","Alternative","Stream01.wav","CC0 stream comparison.","Water-only balance and seam suitability.","Loop after seam review","Nature","CC0 per shopping list; bundled credits.txt identifies source","D:\Projects\one-more-turn\vendor\audio\nature_sounds_pack\Stream\Stream01.wav","Filename/context proposal; not audibly verified"
"A061","","","Later","Ambience","Rest or camp card remains open","campfire_loop","First choice","CampAmbience.mp3","Camp ambience may fill the old campfire gap.","Confirm actual fire crackle; reject voices or unrelated camp noise.","Contextual bed; MP3 loop requires padding/seam work","Inventory SFX","Paid; bundled GameDev Market Read Me","D:\Projects\one-more-turn\vendor\audio\inventorysfx\inventorysfxbundle\Assets\Ambience\CampAmbience.mp3","Filename/context proposal; not audibly verified"
"A062","","","Later","Ambience","Japanese town site open or nearby","ambient_town","First choice","Amb__Town_Japanese.wav","Directly named Japanese town fills the market/crowd gap.","Modern vehicles, loud intelligible speech or overly dense crowds.","Quiet contextual bed","Epic Asian","Paid; Tao & Sound EULA.txt and purchase invoice","D:\Projects\one-more-turn\vendor\audio\epicasianaudiobundle\Epic Asian Audio Bundle\WAV\Ambience\Amb__Town_Japanese.wav","Filename/context proposal; not audibly verified"
"A063","","","Optional","Ambience","Village site open or nearby","ambient_village","First choice","Amb__Village_Japanese.wav","Smaller settlement option if town is too busy.","Appropriate scale for small settlements.","Optional alternative to town; avoid unnecessary bed switches","Epic Asian","Paid; Tao & Sound EULA.txt and purchase invoice","D:\Projects\one-more-turn\vendor\audio\epicasianaudiobundle\Epic Asian Audio Bundle\WAV\Ambience\Amb__Village_Japanese.wav","Filename/context proposal; not audibly verified"
"A064","","","Later","Ambience","Shrine or temple site interaction","ambient_shrine","First choice","Amb__Temple_Indoor.wav","Temple interior is a more direct starting point than manufacturing a shrine bed.","No mismatched ritual or loud voices; shrine is not always indoors.","Site-specific only; quiet contextual bed","Epic Asian","Paid; Tao & Sound EULA.txt and purchase invoice","D:\Projects\one-more-turn\vendor\audio\epicasianaudiobundle\Epic Asian Audio Bundle\WAV\Ambience\Amb__Temple_Indoor.wav","Filename/context proposal; not audibly verified"
"A065","","","Later","Ambience","Storm event or snap-back underlay","ambient_storm","First choice","AmbientNatureStormRainThunder.wav","Existing shopping-list storm bed.","Thunder density and masking of the bell cue.","Scene/event bed; distinct from short storm_sting excerpt","Nature","CC0 per shopping list; bundled credits.txt identifies source","D:\Projects\one-more-turn\vendor\audio\nature_sounds_pack\Ambient\AmbientNatureStormRainThunder.wav","Filename/context proposal; not audibly verified"
"A066","","","Optional","Ambience","Explicitly rainy event presentation","ambient_rain","First choice","Amb__Rain_Outdoor.wav","Outdoor rain avoids forcing a night ambience on the board.","Rain texture and loop seam.","Only for authored rainy moments; no new weather system implied","Epic Asian","Paid; Tao & Sound EULA.txt and purchase invoice","D:\Projects\one-more-turn\vendor\audio\epicasianaudiobundle\Epic Asian Audio Bundle\WAV\Ambience\Amb__Rain_Outdoor.wav","Filename/context proposal; not audibly verified"
"A067","","","Gap","Unfilled","Authored detection tell","horn_distant","No direct candidate","","No clearly named horn or conch sample found. Keep this slot open instead of relabelling a gong.","Suggest a file in Your notes if you know one.","Leave silent until a candidate is approved.","","","","Inventory gap; not an implementation request"
"A068","","","Gap","Unfilled","Authored proximity tell","crow_startle","No direct candidate","","No clearly named crow sample found. Owl recordings are not a crow substitute.","Suggest a file in Your notes if you know one.","Leave silent until a candidate is approved.","","","","Inventory gap; not an implementation request"
"A069","","","Gap","Unfilled","Alternative clock-warning identity","taiko_hit","No direct candidate","","War Dance percussion is a music track, not a verified isolated drum hit. Use approved gong or source a proper hit.","Suggest a file in Your notes if you know one.","Leave silent until a candidate is approved.","","","","Inventory gap; not an implementation request"
